mutato_id,pillar_id,mutato_nev,definicio,mertekegyseg,szamitasi_szabaly,adatforras_tipus,statusz
P1_M01,P1,Tulajdonosi es szavazati struktura,Az azonosított jogi kör tulajdoni és szavazati arányai; védett ügyek és döntési jogok testületenként.,szazalek_es_leiras,"Tulajdon és szavazat külön; jogosult, jogalap és döntési küszöb; éves állapot és változások.",Cégadat; alapszabály; testületi dokumentum,tervezet
P1_M02,P1,Szurkoloi kepviselet,"A képviseleti szabály, mandátum és tényleges részvétel külön; a jogosult megkeresések érdemi megválaszolása.",igen_nem_szoveg_es_szazalek,100 × határidőre érdemben megválaszolt esedékes jogosult ügy / összes esedékes jogosult ügy; félév; nulla ügy: nem alkalmazható.,Ügyrend; jegyzőkönyv; válasznapló,tervezet
P1_M03,P1,Kapcsolt felek nyilvanossaga,"Tulajdonosi lánc, kapcsolt partner és ügyletkategória közzétett leltára; a hiány külön jelölendő.",szoveg,Azonos jogi kör éves beszámolója és cégadatai alapján; a formális jog és gyakorlása külön.,Beszámoló; cégadat; kapcsolt ügyleti nyilvántartás,tervezet
P2_M01,P2,Berkoltseg_bevetel,Az adott jogi kör teljes személyi jellegű ráfordítása a teljes működési bevételhez (O) mérve; nem UEFA-ráta.,szazalek,100 × teljes személyi jellegű ráfordítás / O; azonos üzleti év; O a METODIKA_ES_MUTATOK.md 2. része szerint; hiányzó vagy nem pozitív O: nem számítható.,Éves beszámoló; béranalitika,tervezet
P2_M02,P2,Keretkoltseg_bevetel,UEFA 2026 93. cikk és K melléklet szerinti teljes keretköltség-ráta; a hazai alternatíva külön projektmutató.,szazalek,"A 93. cikk teljes számlálója és nevezője, 12/36 hónapos időszakai és korrekciói szerint; hiányos bemenetnél nem számítható; történeti megfeleléshez az akkori szabályzat kell.",Klubanalitika; licencadat; auditor; UEFA-szabályzat,tervezet
P2_M03,P2,Lejart_tartozasok,"Referencia-napon esedékes, ki nem fizetett kötelezettség jogcímenként; vitatott és átütemezett státusz külön.",forint_es_statusz,"Havi állapot, összeg és esedékesség; a beszámoló hallgatása nem nulla; licencminősítés az alkalmazandó szabály szerint.",Kötelezettség-analitika; beszámoló; licencadat,tervezet
P2_M04,P2,Likviditasi_tartalek,"Szabadon felhasználható pénz fedezeti hónapjai; korlátozott pénz kizárva, hitelkeret és garancia külön adat.",honap,Szabad pénz / következő 3 hónap tervezett havi fix készpénzkiadásának átlaga; havi mérés; nulla nevező: nem alkalmazható; külön 13 hetes cash-flow terv.,Bankadat; havi és 13 hetes pénzforgalmi terv,tervezet
P3_M01,P3,Sajat_nevelesu_jatekpercek,Igazolt klubképzési feltételű játékosok nyers első csapatos bajnoki perceinek aránya; konzultációs képzési feltétel: 3 teljes szezon vagy 36 hónap 15 és 21 év között.,szazalek,100 × jogosult játékosok bajnoki perce / összes első csapatos bajnoki játékosperc; szezononként; kupa és kölcsönpercek külön; ismeretlen előélet mellett az arány nem ellenőrzött.,Regisztrációs előélet; MLSZ vagy ellenőrzött mérkőzésadat,tervezet
P3_M02,P3,Akademia_felnott_atmenet,Az adott szezon első csapatos bajnoki bemutatkozói a klubképzési feltételt teljesítők közül; 900 és 1500 percet elérők külön.,fo,"Először hivatalos első csapatos bajnokin pályára lépők; nyers percek, nem validált percküszöbök; arányhoz teljes előre kijelölt kilépő kohorsz szükséges.",Akadémiai nyilvántartás; regisztráció; mérkőzésadat,tervezet
P3_M03,P3,Jatekosut_kovethetosege,Az induló akadémiai kohorsz igazolt pályastátuszú tagjainak aránya adott követési időpontban; az ismeretlenek külön.,szazalek,100 × igazolt státuszú tag / teljes induló kohorsz; a 3 és 5 éves profi pályán maradás külön kimenet; hiányzó tag nem törölhető a nevezőből.,Akadémiai kohorsz; igazolt klub- és játékosútadat,tervezet
P3_M04,P3,Kettos_eletpalya_tamogatasa,"Kettős életpálya-program, jogosultak, résztvevők és utánkövetési lefedettség; iskolai eredmény csak jogszerűen és aggregáltan.",igen_nem_szoveg_es_fo,Program és részvétel külön; szezonos követés; a program létezése nem hatásbizonyíték.,Akadémiai vagy képzési felelős; aggregált programjelentés,tervezet
P4_M01,P4,Beveteli_diverzifikacio,Kölcsönösen kizáró működési bevételi kategóriák és besorolatlan rész azonos jogi körben és üzleti évben.,szazalek_es_kategoriak,"Kategóriák összege = O; 100 × kategória / O; O a METODIKA_ES_MUTATOK.md 2. része szerint; transzfer, tőke és hitel külön; nem pozitív O: nem számítható.",Éves beszámoló; bevételi analitika,tervezet
P4_M02,P4,Meccsnapi_bevetel,"Nettó jegy- és bérletbevétel, valamint a klubnál maradó meccsnapi szolgáltatási bevétel; az üzemeltető teljes forgalma nem klubbevétel.",forint,"Időszaki elszámolás és tételes egyeztetés; minden bevétel egyszer; mérkőzés, szezon és üzleti év csak dokumentáltan kapcsolható össze.",Bevételi analitika; jegyrendszer; éves beszámoló,tervezet
P4_M03,P4,Kozossegi_programok,Előre rögzített közösségi programkategóriák eseményszáma és elérése; eseményrészvétel és egyedi résztvevő külön.,szam_es_leiras,Éves összesítés programkategóriánként; a részvételszám nem társadalmi hatásbizonyíték.,Klub vagy alapítvány eseménynaplója,tervezet
P4_M04,P4,Szponzori_koncentracio,A legnagyobb egy gazdasági érdekkörhöz tartozó külső szponzor/támogató működési bevételi részaránya.,szazalek,100 × legnagyobb szponzori/támogatói érdekkör működési bevétele / O; azonos üzleti év; top 3 külön; tőke és hitel külön; nem pozitív vagy ismeretlen O: nem számítható.,Beszámoló; szerződések; kapcsoltsági nyilvántartás,tervezet
